hxb2_codon_start,env_codon_index,SLD,n_used,codons_used
1435,216,0.779607,12148,CAT:9323|CAC:2808|AAT:4|ACC:2|TAT:2|AAC:1|ATC:1|CAA:1|CAG:1|CCA:1|CCC:1|CGT:1|CTT:1|TGC:1
1438,217,0.117837,12218,CCA:11840|CCG:217|CCC:114|CCT:39|CAG:3|TCA:3|ACA:2
1441,218,0.565059,12039,GTA:5496|GTG:4691|GCA:460|GCG:242|CCA:239|ATA:233|GTC:213|CCG:153|CAA:88|CAG:47|ACA:40|GTT:29|ATG:25|ATC:14|CTA:7|GCC:7|TTA:7|ACG:6|CGA:6|GCT:6|CCC:4|ACT:3|CCT:3|TTG:3|ATT:2|CGG:2|CTC:2|CTG:2|TCA:2|ACC:1|CAC:1|CGC:1|GGG:1|GGT:1|TAC:1|TCT:1
1444,219,0.283740,12038,CAT:8586|CAG:2507|CAA:531|CAC:152|CCT:127|CCG:43|CCA:32|GCG:13|CGT:10|GCA:9|GCT:8|GTG:6|ACT:4|CCC:3|GTA:3|CGA:1|GCC:1|GGC:1|TAT:1
1447,220,0.127712,12206,GCA:11666|GCG:363|GCT:48|GTA:48|GCC:25|ATG:19|ATA:15|GTG:15|AAA:1|ACA:1|AGA:1|AGG:1|CAA:1|GAC:1|GGA:1
1450,221,0.168636,12212,GGG:11476|GGA:699|GGC:18|AGG:5|GGT:4|CGG:3|GAG:2|TGG:2|GAA:1|GCC:1|TGT:1
1453,222,0.273448,12187,CCT:11090|CCA:687|CCC:278|CCG:121|GCT:3|CTT:2|TCT:2|CAC:1|CGT:1|TAT:1|TTT:1
1456,223,0.333864,11947,ATT:6659|GTT:2686|ATC:437|AAT:381|TTT:297|GCT:252|GTG:163|CAT:153|ATA:129|GTC:117|CTT:107|GTA:92|CCT:89|TAT:53|ACT:42|TTA:39|TTG:37|AAC:28|CTG:23|GCC:21|TTC:19|CAG:17|CCG:17|GCG:16|ATG:15|CAC:11|CTA:9|CCC:7|CTC:7|GCA:7|ACC:4|TAC:4|GAT:3|AGT:2|CCA:2|ACG:1|CGC:1
1459,224,0.104421,12197,GCA:7598|CCA:4157|GCG:169|CAA:87|CCG:42|GCC:38|GCT:33|CCC:21|GTA:20|CCT:13|CAG:9|GGA:3|CTA:2|ACA:1|ACC:1|GAC:1|GTC:1|TCA:1
1462,225,0.070676,12227,CCA:11861|GCA:124|CCT:74|CCG:64|CCC:53|CAA:20|GTA:15|TCA:5|CTA:4|AGG:2|GTG:2|ATA:1|CAC:1|CGA:1
1465,226,0.275678,12171,GGC:11044|GGT:587|GGG:279|GGA:189|AAC:52|AAT:5|GAC:4|CGC:3|AGC:2|CAG:1|CCA:1|CCC:1|GCC:1|GTC:1|TGC:1
1468,227,0.914968,12168,CAG:8097|CAA:4027|CAC:19|CAT:5|ATG:2|CGA:2|GCC:2|TCG:2|AAC:1|ACC:1|ACT:1|CCA:1|CGG:1|CTC:1|CTG:1|GAT:1|GCA:1|GCT:1|GGG:1|TAG:1
1471,228,0.336200,12090,ATG:9085|ATA:1941|CTG:482|TTG:212|CTA:117|GTG:86|TTA:65|GTA:36|ATT:24|ATC:11|ACA:4|CTT:4|GCA:3|GCG:3|AAG:2|CAG:2|GTT:2|TTT:2|AAT:1|ACG:1|ACT:1|AGT:1|CCA:1|CCG:1|CTC:1|GCT:1|GTC:1
1474,229,0.317562,12187,AGA:9209|AGG:2928|CGA:23|AAA:12|CGG:5|AAG:4|ATA:2|GGA:2|AGT:1|GGG:1
1477,230,0.461549,12119,GAA:10402|GAG:1026|GAC:459|GAT:220|GGA:4|AAA:3|CAA:2|AAC:1|CGG:1|GCA:1
1480,231,0.210459,12214,CCA:11421|CCT:537|CCG:152|CCC:95|GCA:5|ACA:1|CAA:1|CTC:1|TCA:1
1483,232,0.070573,12220,AGG:11793|AGA:284|ACA:68|AGT:18|CGG:14|ACG:11|AAG:10|GGG:4|CGA:3|TCA:3|AAA:2|GCA:2|AAT:1|ACT:1|ATG:1|CAA:1|CAG:1|GGA:1|TCG:1|TTG:1
1486,233,0.081477,12239,GGA:11987|GGG:161|GGC:42|GGT:36|GAA:10|AGT:1|GCA:1|TGA:1
1489,234,0.047631,12227,AGT:11979|AGC:195|GGT:18|ACT:6|GGG:5|AGG:4|AAT:3|GGA:3|TGT:3|GCA:2|AAA:1|AAC:1|AGA:1|CAT:1|GAT:1|GCT:1|GGC:1|GTG:1|TCT:1
1492,235,0.720707,12128,GAC:9698|GAT:2421|GCC:2|GGC:2|AAT:1|AGC:1|GCT:1|GTC:1|TAC:1
1495,236,0.056520,12252,ATA:12099|ATT:106|ATC:20|GTA:17|ATG:3|ACA:2|CTA:2|AGA:1|CTT:1|TTA:1
1498,237,0.142657,12221,GCA:11708|GCT:345|GCG:144|GCC:8|TCA:6|ACA:3|CCA:3|ACT:1|AGG:1|GTA:1|TGA:1
1501,238,0.099506,12221,GGA:11890|GGG:244|GGC:49|GGT:23|AGA:6|GAA:3|CGA:2|AAC:1|GCA:1|TGA:1|TGG:1
1504,239,0.257934,12139,ACT:10865|ACC:688|ACA:322|TCT:79|AGT:69|GCT:46|GTT:24|ACG:8|ATT:8|TCA:7|AGC:6|GCC:5|TCC:5|CCT:3|GCA:2|CTA:1|TAT:1
1507,240,0.143424,12201,ACT:11669|ACC:404|ACA:84|ACG:19|AGT:9|TCT:8|ATT:2|CCT:2|AAT:1|ATC:1|CTA:1|GCT:1
1510,241,0.086230,12220,AGT:11768|AGC:438|GGT:5|ACT:3|ATT:2|AGG:1|CCT:1|GTA:1|TGT:1
1513,242,0.203670,12148,ACC:9805|AAC:1394|ACT:544|AGC:136|AAT:116|ACA:90|TCC:30|AGT:17|GCC:5|ACG:3|ATC:3|CCC:2|TCT:2|CTA:1
1516,243,0.158652,12202,CTT:10565|CCT:627|CTG:390|CTC:157|ATT:109|ACT:85|CTA:84|CAG:55|GTT:22|CCC:14|TTG:13|ATC:11|ATA:10|TCT:8|ATG:6|CCG:5|GCT:5|CCA:4|GTC:4|GTG:4|CAA:3|CAT:3|TTA:3|AAG:2|CGT:2|GTA:2|TTT:2|AAA:1|ACA:1|ACC:1|ACG:1|GAT:1|GCC:1|TCA:1
1519,244,0.892984,12183,CAG:8215|CAA:3819|GCA:44|GCG:41|CCA:8|CAT:6|CCG:6|GAG:6|CAC:4|CGG:4|TCA:4|AAT:3|CTG:3|ACA:2|GAT:2|GCT:2|GTG:2|AAC:1|AGT:1|ATA:1|ATG:1|CGA:1|CTC:1|GAA:1|GGA:1|GGG:1|GTA:1|TAA:1|TCG:1
1522,245,0.424819,12172,GAA:11070|GAG:1046|GAC:35|GAT:9|GGA:5|AAA:3|AGA:1|CAG:1|GGT:1|GTA:1
1525,246,0.292855,12197,CAA:11556|CAG:628|CAC:2|CGA:2|AAA:1|AAT:1|ACA:1|CAT:1|CCA:1|GAA:1|GAC:1|GAT:1|TAA:1
1528,247,0.058266,12201,ATA:11444|GTA:437|ATG:70|TTA:64|ATT:51|CTA:41|GTG:35|GTT:26|ATC:12|TTG:6|GTC:5|CTG:3|AAA:1|AAT:1|AGG:1|CTT:1|GCG:1|GGA:1|TGC:1
1531,248,0.216974,12070,GGA:5487|GCA:4255|ACA:747|CAA:462|GGG:302|GGC:160|AGA:113|AAT:89|GCC:81|GCG:55|CAC:48|GGT:36|ACC:33|GCT:31|AAC:25|GAC:24|ACT:22|CAG:18|GAT:13|ACG:11|GTA:11|AGG:9|ATA:9|GAA:9|CAT:5|TCA:5|AAA:3|CTA:2|CCA:1|CTC:1|CTG:1|TGA:1|TTG:1
1534,249,0.451066,12247,TGG:12225|TGA:5|TAG:4|CGG:3|GGG:2|AGG:1|CAA:1|CAG:1|CTG:1|TCG:1|TGT:1|TTA:1|TTG:1
1537,250,0.570549,12247,ATG:11968|ATA:180|ATT:43|ACT:23|ACA:10|ACC:5|ATC:4|GTG:4|ACG:3|GTT:3|GCA:2|GAT:1|GTA:1
1540,251,0.244044,12197,ACA:11275|ACG:395|ACC:386|ACT:122|GCA:7|TCA:5|AAA:1|AGC:1|AGT:1|CCA:1|CCC:1|GAC:1|GCC:1
1543,252,0.530219,11909,AAT:2722|AGT:2662|AGC:2637|AAC:1257|GGC:724|GGT:699|CAT:651|GCT:216|CAC:90|GCC:88|GGA:26|GCA:19|GGG:16|TCT:15|CCC:11|CGT:10|TCC:10|ACT:7|CAA:7|AGA:6|CCT:6|CGC:4|GAC:4|ACC:3|CAG:3|GCG:3|AAA:2|CCA:2|AAG:1|AGG:1|GAT:1|GTC:1|TAT:1|TCA:1|TCG:1|TGC:1|TGT:1
1546,253,0.943601,12130,AAT:7514|AAC:4473|ACC:60|ACT:45|CAA:5|CCC:5|GCC:5|AGC:3|CAT:3|ACG:2|CAG:2|GCT:2|GGT:2|AAG:1|AGT:1|ATA:1|ATT:1|CAC:1|CCA:1|GAC:1|GAT:1|TAA:1
1549,254,0.107478,12215,CCA:11815|CCG:122|CCC:102|CCT:84|AAC:35|CAA:23|AAT:10|CAC:6|CAG:3|ACA:2|GCA:2|GCC:2|TCA:2|AGT:1|CAT:1|CGA:1|CTA:1|GGA:1|GGC:1|TCC:1
1552,255,0.162009,12153,CCT:10996|GCT:438|CCC:367|CCG:121|TCT:108|CCA:47|GCC:24|GTT:18|GGA:7|ACT:6|GGT:6|CTT:3|GCA:2|TCC:2|AGA:1|AGT:1|ATA:1|ATT:1|CAT:1|CTG:1|GGC:1|TAT:1
